,nvmops,neval_obj,neval_grad,num_iter,mem
Factor1,0.4381982079470798,0.9844371852395604,0.9999899029380857,0.9961011976705978,-0.09563695656349588
