,nvmops,neval_obj,neval_grad,num_iter,mem
Factor1,0.9999999999997372,0.6812981345749838,0.9712760784419376,0.9999999999997372,-0.02472443855948569
