,mean,std
nvmops,33943.025904761904,398941.34341617674
neval_obj,4.795768182965222,2.238719346120737
neval_grad,4.593398855701684,2.1039358402056223
num_iter,4.441691786549006,2.1247161882468775
mem,50.5,28.86607004772212
