PC,explained,cumulative
PC1,0.6491167723973519,0.6491167723973519
PC2,0.1984041676801646,0.8475209400775165
PC3,0.1468284438599081,0.9943493839374247
PC4,0.0052558102741944845,0.9996051942116192
PC5,0.00039480578838089456,1.0
