,neval_obj,neval_grad,num_iter,mem
Factor1,-0.9768113627650016,-0.9999870053340877,-0.9985904232144371,0.013620535277475159
