,neval_obj,neval_grad,num_iter,time,is_scalable
Factor1,0.9838639602369115,0.9999911257191024,0.9953476516005244,0.728172637411789,0.1630744032095863
