,mean,std
neval_obj,5.237862183497724,1.4880972803797512
neval_grad,5.069036596509832,1.71926438076102
num_iter,4.930363423874274,1.8841968951997294
mem,50.2230857800806,28.787891395447776
