PC,explained,cumulative
PC1,0.7408808571631309,0.7408808571631309
PC2,0.24993333112147006,0.990814188284601
PC3,0.008968768590584573,0.9997829568751856
PC4,0.00021704312481445807,1.0
