,neval_obj,neval_grad,num_iter,mem
Factor1,0.9843611049366603,0.9999848287841384,0.9955990748415334,-0.026320377282392834
