,mean,std
neval_obj,5.589947558060952,2.4073224951931773
neval_grad,5.38200540609778,2.5106923272202333
num_iter,5.197431778329891,2.5938896115062824
mem,50.38445832332452,28.89784277325487
