PC,explained,cumulative
PC1,0.7424171809095356,0.7424171809095356
PC2,0.24974307891406844,0.992160259823604
PC3,0.007187466304422174,0.9993477261280261
PC4,0.0006522738719738025,0.9999999999999999
